{
  "IcoMoonType": "selection",
  "icons": [
    {
      "icon": {
        "paths": [
          "M854 470v84h-520l238 240-60 60-342-342 342-342 60 60-238 240h520z"
        ],
        "attrs": [],
        "isMulticolor": false,
        "isMulticolor2": false,
        "tags": [
          "arrow_back"
        ],
        "defaultCode": 58820,
        "grid": 24
      },
      "attrs": [],
      "properties": {
        "order": 573,
        "ligatures": "arrow_back",
        "id": 45,
        "prevSize": 24,
        "code": 58820,
        "name": "arrow-left"
      },
      "setIdx": 0,
      "setId": 2,
      "iconIdx": 45
    },
    {
      "icon": {
        "paths": [
          "M854 512l-342 342-342-342 62-60 238 238v-520h84v520l240-238z"
        ],
        "attrs": [],
        "isMulticolor": false,
        "isMulticolor2": false,
        "tags": [
          "arrow_downward"
        ],
        "defaultCode": 58843,
        "grid": 24
      },
      "attrs": [],
      "properties": {
        "order": 574,
        "ligatures": "arrow_downward",
        "id": 46,
        "prevSize": 24,
        "code": 58843,
        "name": "arrow-down"
      },
      "setIdx": 0,
      "setId": 2,
      "iconIdx": 46
    },
    {
      "icon": {
        "paths": [
          "M512 170l342 342-342 342-60-60 238-240h-520v-84h520l-238-240z"
        ],
        "attrs": [],
        "isMulticolor": false,
        "isMulticolor2": false,
        "tags": [
          "arrow_forward"
        ],
        "defaultCode": 58824,
        "grid": 24
      },
      "attrs": [],
      "properties": {
        "order": 576,
        "ligatures": "arrow_forward",
        "id": 50,
        "prevSize": 24,
        "code": 58824,
        "name": "arrow-right"
      },
      "setIdx": 0,
      "setId": 2,
      "iconIdx": 50
    },
    {
      "icon": {
        "paths": [
          "M170 512l342-342 342 342-62 60-238-238v520h-84v-520l-240 238z"
        ],
        "attrs": [],
        "isMulticolor": false,
        "isMulticolor2": false,
        "tags": [
          "arrow_upward"
        ],
        "defaultCode": 58840,
        "grid": 24
      },
      "attrs": [],
      "properties": {
        "order": 575,
        "ligatures": "arrow_upward",
        "id": 51,
        "prevSize": 24,
        "code": 58840,
        "name": "arrow-up"
      },
      "setIdx": 0,
      "setId": 2,
      "iconIdx": 51
    },
    {
      "icon": {
        "paths": [
          "M384 690l452-452 60 60-512 512-238-238 60-60z"
        ],
        "attrs": [],
        "isMulticolor": false,
        "isMulticolor2": false,
        "tags": [
          "check"
        ],
        "defaultCode": 58826,
        "grid": 24
      },
      "attrs": [],
      "properties": {
        "order": 583,
        "ligatures": "check",
        "id": 148,
        "prevSize": 24,
        "code": 58826,
        "name": "check"
      },
      "setIdx": 0,
      "setId": 2,
      "iconIdx": 148
    },
    {
      "icon": {
        "paths": [
          "M726 554h-128v-170h-172v170h-128l214 214zM826 428c110 8 198 100 198 212 0 118-96 214-214 214h-554c-142 0-256-114-256-256 0-132 100-240 228-254 54-102 160-174 284-174 156 0 284 110 314 258z"
        ],
        "attrs": [],
        "isMulticolor": false,
        "isMulticolor2": false,
        "tags": [
          "cloud_download"
        ],
        "defaultCode": 58048,
        "grid": 24
      },
      "attrs": [],
      "properties": {
        "order": 577,
        "ligatures": "cloud_download",
        "id": 163,
        "prevSize": 24,
        "code": 58048,
        "name": "download"
      },
      "setIdx": 0,
      "setId": 2,
      "iconIdx": 163
    },
    {
      "icon": {
        "paths": [
          "M622 708l198-196-198-196 60-60 256 256-256 256zM402 708l-60 60-256-256 256-256 60 60-198 196z"
        ],
        "attrs": [],
        "isMulticolor": false,
        "isMulticolor2": false,
        "tags": [
          "code"
        ],
        "defaultCode": 59503,
        "grid": 24
      },
      "attrs": [],
      "properties": {
        "order": 595,
        "ligatures": "code",
        "id": 166,
        "prevSize": 24,
        "code": 59503,
        "name": "code"
      },
      "setIdx": 0,
      "setId": 2,
      "iconIdx": 166
    },
    {
      "icon": {
        "paths": [
          "M316 334l196 196 196-196 60 60-256 256-256-256z"
        ],
        "attrs": [],
        "isMulticolor": false,
        "isMulticolor2": false,
        "tags": [
          "keyboard_arrow_down"
        ],
        "defaultCode": 58131,
        "grid": 24
      },
      "attrs": [],
      "properties": {
        "order": 584,
        "ligatures": "keyboard_arrow_down",
        "id": 411,
        "prevSize": 24,
        "code": 58131,
        "name": "angle-down"
      },
      "setIdx": 0,
      "setId": 2,
      "iconIdx": 411
    },
    {
      "icon": {
        "paths": [
          "M658 686l-60 60-256-256 256-256 60 60-196 196z"
        ],
        "attrs": [],
        "isMulticolor": false,
        "isMulticolor2": false,
        "tags": [
          "keyboard_arrow_left"
        ],
        "defaultCode": 58132,
        "grid": 24
      },
      "attrs": [],
      "properties": {
        "order": 585,
        "ligatures": "keyboard_arrow_left",
        "id": 412,
        "prevSize": 24,
        "code": 58132,
        "name": "angle-left"
      },
      "setIdx": 0,
      "setId": 2,
      "iconIdx": 412
    },
    {
      "icon": {
        "paths": [
          "M366 698l196-196-196-196 60-60 256 256-256 256z"
        ],
        "attrs": [],
        "isMulticolor": false,
        "isMulticolor2": false,
        "tags": [
          "keyboard_arrow_right"
        ],
        "defaultCode": 58133,
        "grid": 24
      },
      "attrs": [],
      "properties": {
        "order": 586,
        "ligatures": "keyboard_arrow_right",
        "id": 413,
        "prevSize": 24,
        "code": 58133,
        "name": "angle-right"
      },
      "setIdx": 0,
      "setId": 2,
      "iconIdx": 413
    },
    {
      "icon": {
        "paths": [
          "M316 658l-60-60 256-256 256 256-60 60-196-196z"
        ],
        "attrs": [],
        "isMulticolor": false,
        "isMulticolor2": false,
        "tags": [
          "keyboard_arrow_up"
        ],
        "defaultCode": 58134,
        "grid": 24
      },
      "attrs": [],
      "properties": {
        "order": 587,
        "ligatures": "keyboard_arrow_up",
        "id": 414,
        "prevSize": 24,
        "code": 58134,
        "name": "angle-up"
      },
      "setIdx": 0,
      "setId": 2,
      "iconIdx": 414
    },
    {
      "icon": {
        "paths": [
          "M512.008 12.642c-282.738 0-512.008 229.218-512.008 511.998 0 226.214 146.704 418.132 350.136 485.836 25.586 4.738 34.992-11.11 34.992-24.632 0-12.204-0.48-52.542-0.696-95.324-142.448 30.976-172.504-60.41-172.504-60.41-23.282-59.176-56.848-74.916-56.848-74.916-46.452-31.778 3.51-31.124 3.51-31.124 51.4 3.61 78.476 52.766 78.476 52.766 45.672 78.27 119.776 55.64 149.004 42.558 4.588-33.086 17.852-55.68 32.506-68.464-113.73-12.942-233.276-56.85-233.276-253.032 0-55.898 20.004-101.574 52.76-137.428-5.316-12.9-22.854-64.972 4.952-135.5 0 0 43.006-13.752 140.84 52.49 40.836-11.348 84.636-17.036 128.154-17.234 43.502 0.198 87.336 5.886 128.256 17.234 97.734-66.244 140.656-52.49 140.656-52.49 27.872 70.528 10.35 122.6 5.036 135.5 32.82 35.856 52.694 81.532 52.694 137.428 0 196.654-119.778 239.95-233.79 252.624 18.364 15.89 34.724 47.046 34.724 94.812 0 68.508-0.596 123.644-0.596 140.508 0 13.628 9.222 29.594 35.172 24.566 203.322-67.776 349.842-259.626 349.842-485.768 0-282.78-229.234-511.998-511.992-511.998z"
        ],
        "tags": [
          "github",
          "brand",
          "octacat",
          "social"
        ],
        "defaultCode": 60080,
        "grid": 16,
        "attrs": []
      },
      "attrs": [],
      "properties": {
        "ligatures": "github, brand40",
        "name": "github",
        "order": 594,
        "id": 433,
        "prevSize": 32,
        "code": 60080
      },
      "setIdx": 1,
      "setId": 1,
      "iconIdx": 432
    },
    {
      "icon": {
        "paths": [
          "M258.278 446.542l-146.532-253.802c93.818-117.464 238.234-192.74 400.254-192.74 187.432 0 351.31 100.736 440.532 251h-417.77c-7.504-0.65-15.092-1-22.762-1-121.874 0-224.578 83.644-253.722 196.542zM695.306 325h293.46c22.74 57.93 35.234 121.004 35.234 187 0 280.826-226.1 508.804-506.186 511.926l209.394-362.678c29.48-42.378 46.792-93.826 46.792-149.248 0-73.17-30.164-139.42-78.694-187zM326 512c0-102.56 83.44-186 186-186s186 83.44 186 186c0 102.56-83.44 186-186 186s-186-83.44-186-186zM582.182 764.442l-146.578 253.878c-246.532-36.884-435.604-249.516-435.604-506.32 0-91.218 23.884-176.846 65.696-251.024l209.030 362.054c41.868 89.112 132.476 150.97 237.274 150.97 24.3 0 47.836-3.34 70.182-9.558z"
        ],
        "tags": [
          "chrome",
          "browser",
          "internet",
          "brand"
        ],
        "defaultCode": 60121,
        "grid": 16,
        "attrs": []
      },
      "attrs": [],
      "properties": {
        "ligatures": "chrome, browser",
        "name": "chrome",
        "order": 589,
        "id": 474,
        "prevSize": 32,
        "code": 60121
      },
      "setIdx": 1,
      "setId": 1,
      "iconIdx": 473
    },
    {
      "icon": {
        "paths": [
          "M1022.526 334.14l-11.86 76.080c0 0-16.954-140.856-37.732-193.514-31.846-80.688-46.014-80.040-46.108-79.922 21.33 54.204 17.462 83.324 17.462 83.324s-37.792-102.998-137.712-135.768c-110.686-36.282-170.57-26.364-177.488-24.486-1.050-0.008-2.064-0.010-3.030-0.010 0.818 0.062 1.612 0.146 2.426 0.212-0.034 0.020-0.090 0.042-0.082 0.052 0.45 0.548 122.306 21.302 143.916 50.996 0 0-51.76 0-103.272 14.842-2.328 0.666 189.524 23.964 228.746 215.674 0 0-21.030-43.876-47.040-51.328 17.106 52.036 12.714 150.776-3.576 199.85-2.096 6.312-4.24-27.282-36.328-41.75 10.28 73.646-0.616 190.456-51.708 222.632-3.982 2.504 32.030-115.31 7.242-69.762-142.708 218.802-311.404 100.972-387.248 49.11 38.866 8.462 112.654-1.318 145.314-25.612 0.042-0.030 0.078-0.056 0.118-0.086 35.468-24.252 56.472-41.964 75.334-37.772 18.874 4.214 31.438-14.726 16.78-31.53-14.676-16.838-50.314-39.978-98.524-27.366-34 8.904-76.134 46.522-140.448 8.432-49.364-29.25-54.012-53.546-54.45-70.376 1.218-5.966 2.754-11.536 4.576-16.624 5.682-15.87 22.912-20.658 32.494-24.438 16.256 2.792 30.262 7.862 44.968 15.406 0.19-4.894 0.252-11.39-0.018-18.76 1.41-2.802 0.538-11.252-1.722-21.58-1.302-10.308-3.42-20.974-6.752-30.692 0.012-0.002 0.020-0.010 0.030-0.014 0.056-0.018 0.108-0.040 0.156-0.070 0.078-0.044 0.146-0.112 0.208-0.19 0.012-0.020 0.030-0.034 0.044-0.052 0.082-0.124 0.154-0.272 0.198-0.466 1.020-4.618 12.022-13.524 25.718-23.1 12.272-8.58 26.702-17.696 38.068-24.752 10.060-6.248 17.72-10.882 19.346-12.098 0.618-0.466 1.358-1.012 2.164-1.636 0.15-0.116 0.3-0.232 0.454-0.354 0.094-0.074 0.19-0.148 0.286-0.226 5.41-4.308 13.484-12.448 15.178-29.578 0.004-0.042 0.010-0.080 0.012-0.122 0.050-0.504 0.092-1.014 0.13-1.534 0.028-0.362 0.050-0.726 0.072-1.096 0.014-0.284 0.032-0.566 0.044-0.856 0.030-0.674 0.050-1.364 0.060-2.064 0-0.040 0.002-0.076 0.004-0.116 0.022-1.658-0.006-3.386-0.104-5.202-0.054-1.014-0.126-1.93-0.298-2.762-0.008-0.044-0.018-0.092-0.028-0.136-0.018-0.082-0.036-0.164-0.058-0.244-0.036-0.146-0.076-0.292-0.122-0.43-0.006-0.018-0.010-0.032-0.016-0.046-0.052-0.16-0.112-0.314-0.174-0.464-0.004-0.006-0.004-0.010-0.006-0.016-1.754-4.108-8.32-5.658-35.442-6.118-0.026-0.002-0.050-0.002-0.076-0.002v0c-11.066-0.188-25.538-0.194-44.502-0.118-33.25 0.134-51.628-32.504-57.494-45.132 8.040-44.46 31.276-76.142 69.45-97.626 0.722-0.406 0.58-0.742-0.274-0.978 7.464-4.514-90.246-0.124-135.186 57.036-39.888-9.914-74.654-9.246-104.616-2.214-5.754-0.162-12.924-0.88-21.434-2.652-19.924-18.056-48.448-51.402-49.976-91.208 0 0-0.092 0.072-0.252 0.204-0.020-0.382-0.056-0.76-0.072-1.142 0 0-60.716 46.664-51.628 173.882-0.022 2.036-0.064 3.986-0.12 5.874-16.432 22.288-24.586 41.020-25.192 45.156-14.56 29.644-29.334 74.254-41.356 141.98 0 0 8.408-26.666 25.284-56.866-12.412 38.022-22.164 97.156-16.436 185.856 0 0 1.514-19.666 6.874-47.994 4.186 55.010 22.518 122.924 68.858 202.788 88.948 153.32 225.67 230.74 376.792 242.616 26.836 2.212 54.050 2.264 81.424 0.186 2.516-0.178 5.032-0.364 7.55-0.574 30.964-2.174 62.134-6.852 93.238-14.366 425.172-102.798 378.942-616.198 378.942-616.198z"
        ],
        "tags": [
          "firefox",
          "browser",
          "internet",
          "brand"
        ],
        "defaultCode": 60122,
        "grid": 16,
        "attrs": []
      },
      "attrs": [],
      "properties": {
        "ligatures": "firefox, browser2",
        "name": "firefox",
        "order": 590,
        "id": 475,
        "prevSize": 32,
        "code": 60122
      },
      "setIdx": 1,
      "setId": 1,
      "iconIdx": 474
    },
    {
      "icon": {
        "paths": [
          "M734.202 628.83h236.050c1.82-16.37 2.548-33.098 2.548-50.196 0-80.224-21.534-155.468-59.124-220.266 38.88-103.308 37.492-190.988-14.556-243.39-49.496-49.28-182.29-41.28-332.412 25.198-11.104-0.84-22.318-1.272-33.638-1.272-206.048 0-378.926 141.794-426.708 332.85 64.638-82.754 132.638-142.754 223.478-186.448-8.26 7.74-56.454 55.652-64.56 63.764-239.548 239.478-315.090 552.306-233.806 633.604 61.786 61.774 173.758 51.342 302.376-11.648 59.806 30.458 127.5 47.63 199.218 47.63 193.134 0 356.804-124.316 416.090-297.448h-237.868c-32.734 60.382-96.748 101.48-170.218 101.48-73.468 0-137.484-41.098-170.216-101.48-14.55-27.274-22.914-58.554-22.914-91.656v-0.722h386.26zM348.302 512.804c5.456-97.11 86.2-174.584 184.766-174.584s179.312 77.472 184.766 174.584h-369.532zM896.966 163.808c33.526 33.88 32.688 96.214 4.012 174.022-49.136-74.908-120.518-133.936-204.792-167.64 90.106-38.638 163.406-43.756 200.78-6.382zM93.482 967.256c-42.782-42.796-29.884-132.618 25.23-240.832 34.308 96.27 101.156 177.090 187.336 229.154-95.43 43.318-173.536 50.674-212.566 11.678z"
        ],
        "tags": [
          "IE",
          "browser",
          "internet-explorer",
          "brand"
        ],
        "defaultCode": 60123,
        "grid": 16,
        "attrs": []
      },
      "attrs": [],
      "properties": {
        "ligatures": "IE, browser3",
        "name": "IE",
        "order": 591,
        "id": 476,
        "prevSize": 32,
        "code": 60123
      },
      "setIdx": 1,
      "setId": 1,
      "iconIdx": 475
    },
    {
      "icon": {
        "paths": [
          "M15.4 454.6c30-236.8 191.6-451.6 481.2-454.6 174.8 3.4 318.6 82.6 404.2 233.6 43 78.8 56.4 161.6 59.2 253v107.4h-642.6c3 265 390 256 556.6 139.2v215.8c-97.6 58.6-319 111-490.4 43.6-146-54.8-250-207.6-249.4-354.6-4.8-190.6 94.8-316.8 249.4-388.6-32.8 40.6-57.8 85.4-70.8 163h362.8c0 0 21.2-216.8-205.4-216.8-213.6 7.4-367.6 131.6-454.8 259v0z"
        ],
        "tags": [
          "edge",
          "browser",
          "brand"
        ],
        "defaultCode": 60124,
        "grid": 16,
        "attrs": []
      },
      "attrs": [],
      "properties": {
        "name": "edge",
        "ligatures": "edge, browser4",
        "order": 592,
        "id": 477,
        "prevSize": 32,
        "code": 60124
      },
      "setIdx": 1,
      "setId": 1,
      "iconIdx": 476
    },
    {
      "icon": {
        "paths": [
          "M512 0c-282.8 0-512 229.2-512 512s229.2 512 512 512 512-229.2 512-512-229.2-512-512-512zM958.4 472.8l-1-10.6c0.2 3.6 0.6 7 1 10.6zM888.4 268.8l-7.2-10.8c2.4 3.6 4.8 7.2 7.2 10.8zM860.6 230.6l-4.4-5.4c1.6 1.8 3 3.6 4.4 5.4zM798.6 167.6l-5.4-4.4c2 1.6 3.6 3 5.4 4.4zM766 142.8l-10.8-7.2c3.6 2.4 7.2 4.8 10.8 7.2zM561.8 66.8l-10.8-1c3.6 0.2 7.2 0.6 10.8 1zM472.8 65.6l-10.8 1c3.6-0.2 7.2-0.6 10.8-1zM268.8 135.6l-10.8 7.2c3.6-2.4 7.2-4.8 10.8-7.2zM230.6 163.4l-5.2 4.2c1.8-1.4 3.4-2.8 5.2-4.2zM167.6 225.4l-4.4 5.4c1.6-1.8 3-3.6 4.4-5.4zM142.8 258l-7.2 10.8c2.4-3.6 4.8-7.2 7.2-10.8zM66.8 462.2l-1 10.8c0.2-3.6 0.6-7.2 1-10.8zM65.6 551.2l1 10.8c-0.2-3.6-0.6-7.2-1-10.8zM135.6 755l7.2 10.8c-2.4-3.4-4.8-7-7.2-10.8zM144 767.6l79.8-53.4-8.8-13.4-79.8 53.4c-36.2-56.2-60-120.8-68-190.4l47.8-4.8-1.6-16-47.8 4.8c-0.8-9.2-1.2-18.6-1.4-28h96v-16h-96c0.2-9.4 0.6-18.6 1.4-28l47.8 4.6 1.6-16-47.8-4.6c8-69.6 32-134.2 68.2-190.4l79.8 53.4 8.8-13.4-80-53c5.4-7.6 10.8-15.2 16.6-22.4l37 30.4 10.2-12.4-37-30.4c6-7.2 12.4-14 18.8-20.8l67.8 67.8 11.4-11.4-67.8-67.8c6.8-6.4 13.6-12.8 20.6-18.8l30.4 37.2 12.4-10.2-30.4-37c7.4-5.8 14.8-11.4 22.4-16.8l53.4 79.8 13.4-8.8-53.4-79.8c56.2-36.2 120.8-60 190.4-68l4.8 47.8 16-1.6-4.8-47.8c9.2-0.8 18.6-1.2 28-1.4v96h16v-96c9.4 0.2 18.6 0.6 28 1.4l-4.6 47.8 16 1.6 4.6-47.8c69.6 8 134.2 32 190.4 68.2l-53.4 79.8 13.4 8.8 53.4-79.8c7.6 5.4 15.2 10.8 22.4 16.6l-30.4 37 12.4 10.2 30.4-37c7.2 6 14 12.4 20.8 18.8l-25.6 25-350 233.4-233.4 350-25 25c-6.4-6.8-12.8-13.6-18.8-20.6l37-30.4-10.2-12.4-37 30.4c-5.8-7.2-11.2-14.8-16.6-22.4zM167.6 798.6c-1.4-1.8-2.8-3.4-4.2-5.2l4.2 5.2zM225.4 856.4l5.2 4.2c-1.8-1.4-3.4-2.8-5.2-4.2zM258 881l10.8 7.2c-3.6-2.2-7.2-4.6-10.8-7.2zM462.2 957.2l10.8 1c-3.6-0.2-7.2-0.6-10.8-1zM551.2 958.4l10.6-1c-3.6 0.2-7 0.6-10.6 1zM755.2 888.4l10.8-7.2c-3.6 2.4-7.2 4.8-10.8 7.2zM793.4 860.6l5.4-4.4c-1.8 1.6-3.6 3-5.4 4.4zM828.4 829.2l0.8-0.8c-0.2 0.2-0.6 0.6-0.8 0.8zM856.4 798.6l4.4-5.4c-1.6 1.8-3 3.6-4.4 5.4zM863.4 790l-37-30.4-10.2 12.4 37 30.4c-6 7.2-12.4 14-18.8 20.8l-67.8-67.8-11.4 11.4 67.8 67.8c-6.8 6.4-13.6 12.8-20.6 18.8l-30.4-37.2-12.4 10.2 30.4 37c-7.4 5.8-14.8 11.4-22.4 16.8l-53.4-79.8-13.4 8.8 53.4 79.8c-56.2 36.2-120.8 60-190.4 68l-4.8-47.8-16 1.6 4.8 47.8c-9.2 0.8-18.6 1.2-28 1.4v-96h-16v96c-9.4-0.2-18.6-0.6-28-1.4l4.6-47.8-16-1.6-4.6 47.8c-69.6-8-134.2-32-190.4-68.2l53.4-79.8-13.4-8.8-53 79.8c-7.6-5.4-15.2-10.8-22.4-16.6l30.4-37-12.4-10.2-30.4 37c-7.2-6-14-12.4-20.8-18.8l25.2-25 350-233.4 233.4-350 25-25c6.4 6.8 12.8 13.6 18.8 20.6l-37 30.4 10.2 12.4 37-30.4c5.8 7.4 11.4 14.8 16.8 22.4l-79.8 53.4 8.8 13.4 79.8-53.4c36.2 56.2 60 120.8 68 190.4l-47.8 4.8 1.6 16 47.8-4.8c0.8 9.2 1.2 18.6 1.4 28h-96v16h96c-0.2 9.4-0.6 18.6-1.4 28l-47.8-4.6-1.6 16 47.8 4.6c-8 69.6-32 134.2-68.2 190.4l-79.8-53.4-8.8 13.4 79.8 53.4c-5.2 7.2-10.8 14.6-16.6 22zM958.4 551c-0.4 3.6-0.6 7.2-1 10.8l1-10.8zM888.4 755.2c-2.4 3.6-4.8 7.2-7.2 10.8l7.2-10.8z",
          "M432.535 71.075l18.73 94.157-15.693 3.122-18.73-94.157 15.693-3.122z",
          "M591.656 952.95l-18.73-94.157 15.693-3.122 18.73 94.157-15.693 3.122z",
          "M389.628 80.89l13.939 45.931-15.31 4.646-13.939-45.931 15.31-4.646z",
          "M634.434 942.887l-13.939-45.931 15.31-4.646 13.939 45.931-15.31 4.646z",
          "M348.014 95.099l36.739 88.694-14.782 6.123-36.739-88.694 14.782-6.123z",
          "M676.123 928.965l-36.739-88.694 14.782-6.123 36.739 88.694-14.782 6.123z",
          "M293.62 120.659l14.11-7.544 22.632 42.331-14.11 7.544-22.632-42.331z",
          "M730.101 903.289l-14.11 7.544-22.632-42.331 14.11-7.544 22.632 42.331z",
          "M120.601 293.826l42.336 22.622-7.541 14.112-42.336-22.622 7.541-14.112z",
          "M903.244 730.195l-42.336-22.622 7.541-14.112 42.336 22.622-7.541 14.112z",
          "M183.811 384.623l-88.694-36.739 6.123-14.782 88.694 36.739-6.123 14.782z",
          "M840.32 639.301l88.694 36.739-6.123 14.782-88.694-36.739 6.123-14.782z",
          "M85.543 374.387l45.936 13.93-4.643 15.312-45.936-13.93 4.643-15.312z",
          "M938.308 649.667l-45.936-13.93 4.643-15.312 45.936 13.93-4.643 15.312z",
          "M74.069 416.782l94.157 18.73-3.122 15.693-94.157-18.73 3.122-15.693z",
          "M949.741 607.243l-94.157-18.73 3.122-15.693 94.157 18.73-3.122 15.693z",
          "M70.965 591.548l94.157-18.73 3.122 15.693-94.157 18.73-3.122-15.693z",
          "M952.842 432.427l-94.157 18.73-3.122-15.693 94.157-18.73 3.122 15.693z",
          "M80.974 634.514l45.931-13.939 4.646 15.31-45.931 13.939-4.646-15.31z",
          "M942.969 389.707l-45.931 13.939-4.646-15.31 45.931-13.939 4.646 15.31z",
          "M101.142 690.912l-6.123-14.782 88.694-36.739 6.123 14.782-88.694 36.739z",
          "M922.794 333.231l6.122 14.782-88.694 36.73-6.122-14.782 88.694-36.73z",
          "M120.824 730.267l-7.544-14.11 42.331-22.632 7.544 14.11-42.331 22.632z",
          "M903.455 293.785l7.544 14.11-42.331 22.632-7.544-14.11 42.331-22.632z",
          "M307.878 910.846l-14.11-7.542 22.627-42.331 14.11 7.542-22.627 42.331z",
          "M716.073 113.074l14.112 7.541-22.622 42.336-14.112-7.541 22.622-42.336z",
          "M333.267 922.799l36.739-88.694 14.782 6.123-36.739 88.694-14.782-6.123z",
          "M690.884 101.11l-36.739 88.694-14.782-6.123 36.739-88.694 14.782 6.123z",
          "M389.634 943.028l-15.31-4.645 13.934-45.931 15.31 4.645-13.934 45.931z",
          "M634.349 80.882l15.312 4.642-13.925 45.936-15.312-4.642 13.925-45.936z",
          "M432.472 952.839l-15.693-3.122 18.73-94.157 15.693 3.122-18.73 94.157z",
          "M591.536 70.969l15.693 3.122-18.73 94.157-15.693-3.122 18.73-94.157z"
        ],
        "tags": [
          "safari",
          "browser",
          "internet",
          "brand"
        ],
        "defaultCode": 60125,
        "grid": 16,
        "attrs": []
      },
      "attrs": [],
      "properties": {
        "ligatures": "safari, browser5",
        "name": "safari",
        "order": 593,
        "id": 478,
        "prevSize": 32,
        "code": 60125
      },
      "setIdx": 1,
      "setId": 1,
      "iconIdx": 477
    }
  ],
  "height": 1024,
  "metadata": {
    "name": "icomoon"
  },
  "preferences": {
    "showGlyphs": true,
    "showQuickUse": true,
    "showQuickUse2": true,
    "showSVGs": true,
    "fontPref": {
      "prefix": "icon-",
      "metadata": {
        "fontFamily": "icomoon"
      },
      "metrics": {
        "emSize": 1024,
        "baseline": 6.25,
        "whitespace": 50
      },
      "embed": false
    },
    "imagePref": {
      "prefix": "icon-",
      "png": false,
      "useClassSelector": false,
      "color": 0,
      "bgColor": 16777215,
      "classSelector": ".icon",
      "height": 32,
      "columns": 16,
      "margin": 16
    },
    "historySize": 100,
    "showCodes": true,
    "gridSize": 16
  }
}